,time,num_0,CPU_usage_0,RAM_usage_0,num_1,CPU_usage_1,RAM_usage_1,num_2,CPU_usage_2,RAM_usage_2,CPU,RAM
0,0,10501.0,0.03171112789999826,0.01896141409999971,15343.0,0.05896074941666644,0.023820894830830792,539.0,0.0021054169999999935,0.001495112858333332,0.09277729431666469,0.04427742178916383
1,1,4189.0,0.008032333291666456,0.005859716989999823,8345.0,0.019920908499999276,0.00878370025000021,835.0,0.0021490951666666602,0.0015493323000000056,0.030102336958332393,0.01619274954000004
2,2,8715.0,0.01917331266666681,0.0177834448466686,11223.0,0.034433085958334844,0.016550802747499573,651.0,0.0027326533333333286,0.0016496003583333421,0.05633905195833499,0.035983847952501515
3,3,7825.0,0.013055400366666352,0.011805829081666247,18702.0,0.08181869099999614,0.029111540916665353,747.0,0.002239914083333339,0.0011873849500000113,0.09711400544999584,0.04210475494833161
4,4,14549.0,0.03304557944999839,0.05566095684833249,10705.0,0.016306639916666414,0.014675305414167797,655.0,0.0032905110583333268,0.0023082042166666728,0.05264273042499813,0.07264446647916696
5,5,12596.0,0.033893245858333344,0.016879597416668987,13200.0,0.043305300250003474,0.020579463000000756,357.0,0.0012044969999999986,0.0006850578166666648,0.0784030431083368,0.03814411823333642
6,6,7824.0,0.011151764083333364,0.011830623599999882,5678.0,0.013229795516666764,0.01021717749750034,487.0,0.001979730508333326,0.0007764264816666603,0.026361290108333452,0.022824227579166884
7,7,12783.0,0.025424264633331986,0.021928456683332972,4568.0,0.027032611858333718,0.010269535583333675,436.0,0.0018815898916666608,0.0007907539666666616,0.05433846638333237,0.03298874623333331
8,8,9039.0,0.026745623475001336,0.015496108916668189,10671.0,0.07637747458332314,0.018553261247501132,349.0,0.0010354666750000006,0.0003833035333333332,0.1041585647333245,0.03443267369750265
9,9,25027.0,0.08832589862501294,0.05749127426999223,4010.0,0.005083015666666676,0.01602679691666659,1492.0,0.0015992644333332844,0.002078563530000028,0.0950081787250129,0.07559663471665884
10,10,7797.0,0.010673161466667191,0.01489343495333533,13236.0,0.032703357458323506,0.020049442580836203,835.0,0.0020268289999999835,0.0030753276333333303,0.04540334792499068,0.038018205167504864
11,11,24984.0,0.061267362633343224,0.05422751049999415,31731.0,0.1352153135833343,0.2728777380834257,715.0,0.0020048835833333203,0.0026374432416666656,0.19848755980001087,0.32974269182508653
12,12,16084.0,0.04404420546666759,0.03250196896666665,5895.0,0.03357316483333339,0.014053573580833898,545.0,0.0011359743333333294,0.001999032599999996,0.0787533446333343,0.048554575147500535
13,13,6797.0,0.014889194825000455,0.011510164650000166,6762.0,0.025312481249999005,0.01145931866666682,488.0,0.0010715675833333344,0.0014589854833333277,0.04127324365833279,0.02442846880000031
14,14,7058.0,0.020183778774999734,0.014815063033333986,7007.0,0.015482623683334576,0.01770863116416916,409.0,0.0016181417499999914,0.0005747617666666624,0.037284544208334304,0.03309845596416981
15,15,38485.0,0.10721470575003905,0.0897360131833328,26741.0,0.09460346894163425,0.05612577816663901,539.0,0.0019839201666666567,0.0008449942666666635,0.20380209485833994,0.14670678561663847
16,16,13031.0,0.049231611383333984,0.03082302261666877,14270.0,0.04076491241667114,0.029041165164164152,293.0,0.0009344075833333323,0.0005122327249999981,0.09093093138333845,0.06037642050583292
17,17,12570.0,0.03664260435000107,0.06707583931667137,5732.0,0.02057479758333249,0.010435291333333424,633.0,0.0020152494166666593,0.001165011950000003,0.05923265135000023,0.0786761426000048
18,18,10216.0,0.03142822983333183,0.04354406425000208,8616.0,0.03089988360000295,0.012931841414166634,515.0,0.0018000506666666566,0.0006620292499999991,0.06412816410000144,0.05713793491416872
19,19,7318.0,0.013340132500000301,0.012316871066666332,6766.0,0.020431430691666704,0.010318870583333755,675.0,0.003947882250000023,0.0010053645833333288,0.03771944544166703,0.023641106233333414
20,20,9788.0,0.020612904675002874,0.028726059266666538,2392.0,0.008057738750000147,0.004699425414166709,913.0,0.004939142033333333,0.0012131988666666644,0.03360978545833636,0.03463868354749992
21,21,46861.0,0.12374821795006938,0.09818507080002148,31019.0,0.11125462708329859,0.08101114833336573,610.0,0.005568524091666685,0.0014597312483333293,0.24057136912503466,0.18065595038172053
22,22,25194.0,0.05548993618334677,0.039863011391655094,4164.0,0.0101880308499999,0.0059453704975002,755.0,0.0037395127000000414,0.0011533978416666706,0.06941747973334671,0.046961779730821974
23,23,30317.0,0.06555921703334132,0.046314707066653985,12989.0,0.059722739858332805,0.02930812633332947,692.0,0.0033868171750000386,0.0011164279000000022,0.12866877406667415,0.07673926129998344
24,24,10512.0,0.020075799716664938,0.01611478704999931,4014.0,0.015581912750000182,0.011315256580833297,589.0,0.0033403639500000047,0.0009552219249999978,0.038998076416665126,0.028385265555832602
25,25,25204.0,0.06069293924167586,0.04485723949998775,9111.0,0.055732834083329866,0.027399749833332484,472.0,0.0028496425000000057,0.0014921011166666685,0.11927541582500573,0.0737490904499869
26,26,32785.0,0.08326418774170556,0.06198465801664307,10998.0,0.02661477579166774,0.0222142635808305,1299.0,0.006714901366666603,0.0036058241333333423,0.1165938649000399,0.0878047457308069
27,27,10031.0,0.01982638032499957,0.014133821449999645,3436.0,0.011661613966666746,0.010732307083333309,556.0,0.0021534787416666707,0.0008431775916666721,0.03364147303333299,0.02570930612499963
28,28,9005.0,0.018605481799999653,0.014536293533333989,4561.0,0.014401878458332839,0.008941013997500125,404.0,0.0014665929166666617,0.0007280000833333305,0.034473953174999156,0.02420530761416745
29,29,10071.0,0.014449590233333415,0.013016486333334038,5463.0,0.017877592250000043,0.016565213000000554,291.0,0.001103370249999998,0.000751000416666667,0.03343055273333345,0.03033269975000126
30,30,9065.0,0.024896615033334166,0.01089732113333395,2964.0,0.015230685350000238,0.006489531164166605,415.0,0.0016182574499999944,0.00048787568333333406,0.041745557833334404,0.017874727980833886
31,31,21139.0,0.06285838810000399,0.03839865778332687,21506.0,0.06455598735832321,0.06196190441666894,763.0,0.004151542833333313,0.00241762847500001,0.13156591829166053,0.10277819067499583
32,32,51892.0,0.14970994794172238,0.12051044476672043,29504.0,0.10760536733333934,0.08714057466414651,360.0,0.0014381048499999985,0.000839973616666665,0.2587534201250617,0.2084909930475336
33,33,18452.0,0.06361348755834206,0.032702072366662505,20930.0,0.08868538458333787,0.032128831749986354,511.0,0.0020579590916666676,0.0009435799666666666,0.15435683123334662,0.06577448408331552
34,34,3940.0,0.009206824374999745,0.005018488949999818,17545.0,0.017904616624999703,0.014248452830833381,1209.0,0.003871826841666739,0.001386255866666671,0.030983267841666186,0.02065319764749987
35,35,38466.0,0.09148199346670315,0.06317326798332756,32438.0,0.09207360960827443,0.08053119283335261,531.0,0.0021101533333333315,0.0008097850499999931,0.1856657564083109,0.14451424586668016
36,36,19250.0,0.04374902869166017,0.03642735734999293,17055.0,0.07387867539999558,0.1375580331641869,329.0,0.001330060983333331,0.0009615226166666657,0.1189577650749891,0.17494691313084654
37,37,43950.0,0.10459826085835647,0.07964300849999512,24684.0,0.1167794079999746,0.17803378795002345,279.0,0.0010259473333333327,0.0005893842999999978,0.22240361619166443,0.25826618075001856
38,38,25552.0,0.08356956886668145,0.04794974873332424,10649.0,0.03322322051666869,0.02214210499750159,304.0,0.0011746084999999986,0.0006157579499999978,0.11796739788335013,0.07070761168082583
39,39,21660.0,0.044598047508327826,0.03635830659999284,19394.0,0.04778594994166944,0.04351217141665749,625.0,0.0026041743333333413,0.0010902646333333342,0.0949881717833306,0.08096074264998367
40,40,10949.0,0.02751447774999943,0.018202759533334834,13722.0,0.029219789499998296,0.025581755164163222,641.0,0.002447022324999999,0.0006274458249999968,0.05918128957499772,0.04441196052249805
41,41,9952.0,0.02505163485000073,0.0096066656217579,15702.0,0.0336912772500006,0.031230468583325594,788.0,0.0033073771666666703,0.0016219043833333357,0.06205028926666801,0.042459038588416834
42,42,6351.0,0.010697945325000083,0.007847666133332886,10969.0,0.018448670291667288,0.018526178139164885,601.0,0.002536521333333338,0.0011668201166666638,0.031683136950000704,0.02754066438916444
43,43,16657.0,0.04429812386666738,0.03601024591527476,36419.0,0.16420363435826257,0.28471429791673103,689.0,0.0028361741750000135,0.0008377823833333247,0.21133793239992996,0.3215623262153391
44,44,28990.0,0.04451369791665557,0.0523164122166599,7865.0,0.04152913089166708,0.015159245997500933,387.0,0.0016601236166666645,0.0012593629500000005,0.08770295242498931,0.06873502116416083
45,45,16761.0,0.04415277095833314,0.02963514048333191,6017.0,0.023822753499999447,0.008563124083333457,470.0,0.0019463976166666675,0.0009118590333333347,0.06992192207499925,0.0391101235999987
46,46,10163.0,0.023729530366666286,0.0209489160666677,2939.0,0.017044478349999403,0.005407050080833497,833.0,0.003435312250000028,0.000994157566666661,0.044209320966665716,0.02735012371416786
47,47,10059.0,0.011834352966667183,0.013521638666666313,7045.0,0.01944028663333106,0.01113695849999869,628.0,0.0023525779750000033,0.0007219688833333302,0.033627217574998244,0.025380566049998336
48,48,15436.0,0.03091465215832834,0.026050649255093275,7993.0,0.028549209141665605,0.009045004164166518,420.0,0.0016244239749999962,0.0006360506999999998,0.06108828527499394,0.03573170411925979
49,49,47443.0,0.14108009585006925,0.09915193149997373,33322.0,0.16358578383334413,0.2822079774167207,369.0,0.0014522644249999985,0.0009999890500000002,0.30611814410841337,0.3823598979666944
50,50,33241.0,0.07466671143334287,0.07793847829166306,13260.0,0.04666022229166911,0.031500769664166026,681.0,0.002909692166666675,0.0011330514499999981,0.12423662589167865,0.11057229940582909
51,51,25177.0,0.04017821406666065,0.049141532637473055,4721.0,0.01743090741666664,0.013170529749999896,1142.0,0.006194440175000016,0.0020910471750000205,0.0638035616583273,0.06440310956247296
52,52,58909.0,0.11721996967506366,0.1178581065833819,5332.0,0.02076282816666679,0.010913941414166649,489.0,0.0022093939166666606,0.0008087431999999984,0.14019219175839712,0.12958079119754856
53,53,27379.0,0.050674788799998045,0.05560484910000395,6942.0,0.027753299833333307,0.009951543750000371,567.0,0.0028278156666666637,0.0009475401333333356,0.08125590429999802,0.06650393298333766
54,54,21313.0,0.046648384500005996,0.04865274071666756,4751.0,0.030728228849999956,0.008477756080833308,537.0,0.0026166579999999974,0.0008949587583333265,0.07999327135000596,0.0580254555558342
55,55,11032.0,0.023721017475001042,0.022067369833335307,3508.0,0.004614519191666735,0.007952125916666351,444.0,0.001968674833333329,0.0005211512999999989,0.030304211500001108,0.030540647050001656
56,56,17257.0,0.049418340308333315,0.033887846600003504,3982.0,0.00708623100000032,0.006728661664166448,380.0,0.0014915828333333314,0.0005097594499999983,0.05799615414166697,0.04112626771416995
57,57,22765.0,0.05838116575834128,0.03998670661666442,14158.0,0.0644777086666675,0.02258461058333154,485.0,0.0019431997833333316,0.000792958999999997,0.1248020742083421,0.06336427619999595
58,58,47186.0,0.13267182615838255,0.08880207210001866,35958.0,0.13276552979168957,0.08279691783081414,818.0,0.0031074083666666834,0.0012677852500000114,0.26854476431673885,0.17286677518083282
59,59,32832.0,0.10032749349168317,0.06772301917761737,22014.0,0.09798811035834339,0.0564496804999902,1371.0,0.005538041558333381,0.0037916125666666994,0.20385364540835993,0.12796431224427426
60,60,27255.0,0.055726603483336266,0.050613337274219655,17363.0,0.0544720503083396,0.027663060080833718,559.0,0.002276607783333335,0.0008770235250000016,0.11247526157500921,0.07915342088005337
61,61,62850.0,0.16721635578338406,0.15269813541901528,33600.0,0.11182832966671367,0.08015271258332805,1877.0,0.005494273249999998,0.0166438526916662,0.2845389587000977,0.24949470069400956
62,62,32564.0,0.08669661232500758,0.08242852656668742,17832.0,0.07187120243332952,0.04675637216415979,469.0,0.0019828684999999924,0.000645570566666667,0.1605506832583371,0.12983046929751385
63,63,26198.0,0.07576765940833777,0.0601235472499964,10414.0,0.04406191321666625,0.021418122583332908,769.0,0.003295184400000033,0.0010004050499999937,0.12312475702500407,0.0825420748833293
64,64,15185.0,0.05317485995000082,0.036741734114995914,4363.0,0.011363808725000544,0.004625931414167046,818.0,0.0035416980666666885,0.001497730866666675,0.06808036674166805,0.04286539639582963
65,65,26038.0,0.0757079266666674,0.04379242101500115,15519.0,0.060920345666669116,0.016842711916664282,843.0,0.003579569250000009,0.001868983466666674,0.14020784158333652,0.0625041163983321
66,66,28125.0,0.0933042189333417,0.056084323316657775,26824.0,0.09933439120833071,0.04195174416416555,1004.0,0.0034979329000000194,0.0018343700666666747,0.19613654304167244,0.09987043754749
67,67,6987.0,0.019816993025000586,0.01574607300000079,9037.0,0.02487207524999847,0.01214616149999883,816.0,0.0029492336666666788,0.0011454542666666683,0.04763830194166573,0.029037688766666292
68,68,30645.0,0.11610150815001202,0.07389882428333451,10162.0,0.04367727674999957,0.021354274414165982,4003.0,0.010967248116666673,0.0091867651000003,0.1707460330166783,0.1044398637975008
69,69,26400.0,0.09223879626667467,0.06046276324999313,16481.0,0.07035837583333486,0.03827026383333424,3834.0,0.010815920866666625,0.008745620066666862,0.17341309296667615,0.10747864714999424
70,70,21306.0,0.07583559561666822,0.04587645461665614,13053.0,0.054402515183333694,0.02958924550000007,2160.0,0.00735817516666661,0.004470995366666603,0.13759628596666854,0.07993669548332281
71,71,26291.0,0.09048308169167561,0.05353778894999752,14242.0,0.06786015840833386,0.027010067330832107,943.0,0.0069153003333332855,0.0015978844666666753,0.16525854043334276,0.08214574074749631
72,72,13586.0,0.04498178069166715,0.03114498338333948,11219.0,0.055179304950000424,0.024336656497500237,413.0,0.0023038925583333324,0.0007862589499999987,0.1024649782000009,0.05626789883083972
73,73,34942.0,0.09497873250833994,0.08733113423331301,4565.0,0.01836876933333348,0.014589473749999762,415.0,0.0031866146416666646,0.0010532080583333324,0.11653411648334008,0.1029738160416461
74,74,65693.0,0.13418343133344027,0.11358801923338313,48182.0,0.1363417422915758,0.10884194466421679,880.0,0.005416868250000025,0.002129283283333334,0.27594204187501614,0.22455924718093323
75,75,43596.0,0.11038378949171128,0.07716345038331443,15538.0,0.06659413008333392,0.03848302491666314,1108.0,0.004033996700000017,0.0016862531333333472,0.18101191627504523,0.11733272843331094
76,76,22275.0,0.05698517207499852,0.04304912998332822,22669.0,0.0820364277500031,0.06625491766417436,554.0,0.0029861346666666664,0.0015028627000000009,0.14200773449166829,0.11080691034750259
77,77,39226.0,0.0932787450833773,0.0814812751833247,31136.0,0.09642592383331539,0.08707751983333716,612.0,0.0038403180833333347,0.0015395942999999988,0.19354498700002604,0.17009838931666185
78,78,15737.0,0.03667490631666164,0.030296122783329552,16236.0,0.055793108850001286,0.040207837997494826,834.0,0.0036777403333333562,0.0022502554500000195,0.0961457554999963,0.0727542162308244
79,79,36606.0,0.08118029869166146,0.07349275153332098,29385.0,0.07013400996667254,0.0787352031666783,584.0,0.0026859125833333434,0.0010833821416666644,0.15400022124166735,0.15331133684166592
80,80,36073.0,0.09512013169170079,0.07325691189999003,16690.0,0.042977728975002766,0.044023770080824705,1350.0,0.0032148340833333647,0.0009415407000000157,0.1413126947500369,0.11822222268081475
81,81,49891.0,0.08849684350840098,0.0793614095884005,30531.0,0.07634795408334531,0.07576062691667342,609.0,0.0025653797833333322,0.001619959774999996,0.16741017737507963,0.15674199628007393
82,82,68679.0,0.12874414268344533,0.1097189028484145,30570.0,0.09705429254167938,0.06576979608081826,3677.0,0.01984687849999866,0.020759942241665996,0.2456453137251234,0.19624864117089874
83,83,220051.0,0.27931308163251556,0.31753615154776277,30092.0,0.09100763780000451,0.08501735933331976,901.0,0.002524782750000002,0.001052343925000006,0.37284550218252,0.40360585480608246
84,84,287335.0,0.3694479421648418,0.410468026859211,32019.0,0.13551703136663945,0.08238327099746084,356.0,0.0014124887249999999,0.0007637357833333331,0.5063774622564812,0.4936150336400052
85,85,194059.0,0.2719770465494076,0.2860478327458569,40631.0,0.17975426574996917,0.09207365424996641,405.0,0.0014570851749999979,0.0008302734749999997,0.4531883974743767,0.3789517604708233
86,86,174600.0,0.24272954359100588,0.25181535869986804,36235.0,0.17719733701665988,0.08685066741411511,990.0,0.002992574924999989,0.001959260783333347,0.4229194555326658,0.34062528689731647
87,87,317864.0,0.413859335614216,0.4412729481513993,21405.0,0.08431950846666457,0.045932553916656266,491.0,0.0017769693333333238,0.0005885197999999975,0.49995581341421386,0.48779402186805554
88,88,476401.0,0.5525428722455044,0.6524957064885596,29406.0,0.1437391994749871,0.07274534349748293,376.0,0.0012781492833333328,0.0004938144499999998,0.6975602210038248,0.7257348644360425
89,89,534423.0,0.5887754277030555,0.7192627740399761,27896.0,0.10865772833332915,0.06102458958330635,881.0,0.004794519366666631,0.003080301383333329,0.7022276754030513,0.7833676650066157
90,90,493434.0,0.5507136913704768,0.6849647368538112,54822.0,0.12018117329176949,0.08838539116415743,549.0,0.0018956947249999913,0.0008071046166666613,0.6727905593872462,0.7741572326346353
91,91,530215.0,0.590739934386577,0.7137223756565959,36254.0,0.13733268585834044,0.06209857433329192,459.0,0.0016212746666666566,0.0006740984666666611,0.7296938949115841,0.7764950484565545
92,92,455715.0,0.5070705724211028,0.6201227296377532,37869.0,0.10331689255829955,0.08570010174748333,439.0,0.0017410583666666601,0.0006476532833333326,0.6121285233460689,0.7064704846685698
93,93,294822.0,0.3405229158814454,0.4015569132504195,48124.0,0.12605311416659334,0.06697724516660156,470.0,0.002121830616666664,0.0009347014833333319,0.4686978606647054,0.4694688599003544
94,94,353981.0,0.4409921628554382,0.5075595426856092,48159.0,0.16148894354993573,0.17906673949752933,460.0,0.0019571640083333275,0.0006584747833333286,0.6044382704137072,0.6872847569664718
95,95,412620.0,0.5128807372050136,0.5751255924200493,36781.0,0.16031906462494303,0.07452489866663206,582.0,0.0024623425583333363,0.0009781804249999987,0.67566214438829,0.6506286715116814
96,0,563301.0,0.6513735690275435,0.7719550401407904,30403.0,0.12578218541664266,0.0580318957474768,2634.0,0.003603209066666673,0.002748648116666681,0.7807589635108528,0.8327355840049339
97,1,540718.0,0.6374418913613489,0.747593387156743,26991.0,0.1539361844166611,0.0658799928333362,480.0,0.001963927674999996,0.0018863403833333367,0.7933420034530098,0.8153597203734125
98,2,300387.0,0.37131935029786656,0.4265011469506952,51627.0,0.15446139465822042,0.08044117299744546,622.0,0.002250444458333319,0.0008730817833333258,0.5280311894144203,0.507815401731474
99,3,430892.0,0.48249894097967383,0.5833896039706846,26904.0,0.11597787783332855,0.05552071591664334,1081.0,0.00575660019999997,0.003428782216666677,0.6042334190130023,0.6423391021039947
100,4,353356.0,0.40091426523909096,0.4819304621352109,48635.0,0.17790924478334405,0.07760884649746781,403.0,0.0016509386833333294,0.0008297362833333324,0.5804744487057683,0.5603690449160121
101,5,610004.0,0.6614095002270026,0.8215977112920225,29384.0,0.12687752616665937,0.05747013058330766,504.0,0.002087274999999995,0.0013405377999999987,0.790374301393662,0.8804083796753303
102,6,637176.0,0.6903874486021652,0.8577006181261105,25863.0,0.10268370029167033,0.05596110174832552,654.0,0.0027615096416666656,0.0016227912000000057,0.7958326585355021,0.9152845110744361
103,7,606001.0,0.6685005371688826,0.8151200157917546,44228.0,0.12803042330001457,0.08226497199910023,683.0,0.0030829650250000055,0.0016573459250000017,0.799613925493897,0.8990423337158548
104,8,214721.0,0.35133113937443217,0.3390110187330459,40571.0,0.20510930211666242,0.0984181957474577,836.0,0.0035863212583333325,0.002337791516666671,0.5600267627494279,0.4397670059971703
105,9,39186.0,0.14864516067500014,0.10660689486667096,73995.0,0.22916902066663575,0.140437718,906.0,0.004888435433333288,0.003485631025000011,0.3827026167749692,0.250530243891671
106,10,38007.0,0.16284111473333587,0.10483956239998092,40933.0,0.16595510579165976,0.14412529416415817,1380.0,0.0061327193416667106,0.004162625075000044,0.33492893986666233,0.2531274816391391
107,11,34734.0,0.15047361565833164,0.09096645668331854,42640.0,0.1904562468583307,0.17762729773337305,569.0,0.0023712960916666714,0.001029746966666668,0.343301158608329,0.2696235013833583
108,12,28325.0,0.1025875568583458,0.06475736506664843,29228.0,0.162385314650003,0.08787604023080169,413.0,0.0016066278083333315,0.0011580229500000008,0.26657949931668207,0.1537914282474501
109,13,22270.0,0.09747582139166912,0.05349795968331486,26597.0,0.1296550975000045,0.07679120966663139,311.0,0.001159018533333333,0.0006739475499999993,0.22828993742500692,0.13096311689994625
110,14,24234.0,0.10950104679999817,0.06010513634998417,32897.0,0.16530544693333363,0.0968500233641239,427.0,0.0017638760166666602,0.0006233120499999975,0.27657036974999843,0.15757847176410808
111,15,19934.0,0.08524087443333768,0.04765605036665495,27218.0,0.14442123971666962,0.08063742466663314,984.0,0.004421690000000026,0.0009340164666666732,0.23408380415000732,0.12922749149995477
112,16,60583.0,0.1636824668667808,0.13937142704994773,45346.0,0.1788069126416039,0.11186779166409745,3078.0,0.014719427583333328,0.0056629015333333746,0.357208807091718,0.2569021202473786
113,17,42764.0,0.14489245229167896,0.11226356852500977,33800.0,0.1427068038333002,0.10063655574999263,1549.0,0.007575370583333334,0.0010784641333333534,0.2951746267083125,0.21397858840833575
114,18,27526.0,0.06723463852499506,0.07291840806663971,27554.0,0.11015441120834009,0.07525449266664146,1813.0,0.006345701424999984,0.004689215908333399,0.18373475115833515,0.15286211664161456
115,19,34530.0,0.0942211202916697,0.07705841845451561,35971.0,0.17110739988332577,0.12017669091412159,956.0,0.004023301183333351,0.0014777998000000076,0.2693518213583288,0.19871290916863718
116,20,35343.0,0.13458132651665353,0.0804883801203593,32939.0,0.15511157287498387,0.089175275080786,440.0,0.0015474456999999976,0.0007722995166666659,0.2912403450916374,0.17043595471781198
117,21,43886.0,0.19129136088333829,0.13558631948164113,62173.0,0.3063131808333196,0.37757005600011406,461.0,0.0020364790333333295,0.0014143309416666681,0.49964102074999117,0.514570706423422
118,22,56105.0,0.2395768444416539,0.16862517988335055,34026.0,0.16884758534999314,0.09958371891411845,1423.0,0.00692044031666655,0.004139795341666648,0.4153448701083136,0.27234869413913565
119,23,27808.0,0.11327074856666368,0.06998072578165278,29425.0,0.16353288894166673,0.08817366958329509,475.0,0.001960864899999997,0.0006624752416666618,0.2787645024083304,0.15881687060661454
120,24,37080.0,0.1282552293000342,0.0727740764916641,33178.0,0.17943489158332976,0.09582568116412898,595.0,0.0030648223666666515,0.001824651300000001,0.31075494325003067,0.17042440895579308
121,25,35701.0,0.10703363322502872,0.1199002955483268,23180.0,0.11814883708333564,0.06368931316664231,410.0,0.0017672169750000011,0.0006833575333333337,0.22694968728336437,0.18427296624830244
122,26,29873.0,0.11213257624166934,0.1339265488666461,37083.0,0.149087506016659,0.09736850741412713,1335.0,0.005749117916666684,0.0033565555499999876,0.266969200174995,0.2346516118307732
123,27,57049.0,0.23132811250001267,0.19116448556665785,33189.0,0.15062473127500864,0.10114376016663368,922.0,0.005195338566666693,0.002727259066666684,0.3871481823416881,0.2950355047999582
124,28,28627.0,0.10061987458333049,0.07970429782499357,40513.0,0.18097622566662525,0.10202397824743296,1489.0,0.008736701783333337,0.0043235796333333035,0.2903328020332891,0.18605185570575983
125,29,17526.0,0.05562149990834073,0.04209357321666651,29685.0,0.13886031974999943,0.07706625933330083,971.0,0.006159713799999965,0.003771741116666643,0.20064153345834013,0.122931573666634
126,30,54861.0,0.20621473832506385,0.1461400328666659,59979.0,0.26843533193332697,0.2668559652474913,653.0,0.002898128291666673,0.0014787342083333421,0.4775481985500574,0.4144747323224906
127,31,36417.0,0.15818408679167306,0.10191224275002637,36266.0,0.14736232396667553,0.08021170216663914,691.0,0.0030306763416666728,0.0013305241166666623,0.30857708710001525,0.18345446903333215
128,32,50315.0,0.1808788206166834,0.12803014973333612,51851.0,0.226847992808328,0.12930090333077318,483.0,0.002173893424999994,0.0008988493416666675,0.4099007068500113,0.258229902405776
129,33,41568.0,0.13306179033333904,0.10771857216666661,27847.0,0.1310483327499936,0.07163442041664825,590.0,0.0026157680083333376,0.0012275285333333366,0.266725891091666,0.1805805211166482
130,34,48383.0,0.213052830916645,0.14597728021666684,44002.0,0.17636157126665022,0.09435923966413214,974.0,0.0068842713416667,0.0032826567166666636,0.39629867352496184,0.24361917659746563
131,35,28524.0,0.11154957698334968,0.09653569463334587,33943.0,0.15307726074165912,0.07769448041663538,1196.0,0.003975336508333328,0.0013041818666666757,0.2686021742333421,0.17553435691664793
132,36,15256.0,0.05520470685833452,0.05616240554166646,21112.0,0.09864875378333626,0.04845404616415032,467.0,0.002195387641666664,0.0009642109250000006,0.15604884828333745,0.10558066263081677
133,37,25638.0,0.09334709185834218,0.07124033534999599,23201.0,0.09009055941666398,0.04353967294999042,398.0,0.0016095359249999985,0.0010347887833333338,0.18504718720000615,0.11581479708331975
134,38,30689.0,0.113858045358353,0.09009886226665777,31731.0,0.14737455643333275,0.15321205974747298,365.0,0.0017188903416666644,0.0007979157166666654,0.2629514921333524,0.24410883773079742
135,39,40286.0,0.14688965737505044,0.12676527558333356,21955.0,0.10477831993333657,0.05712306980831506,425.0,0.0021535024833333307,0.0015153768666666678,0.2538214797917204,0.18540372225831528
136,40,28136.0,0.09279844945001393,0.06659446368334328,19657.0,0.07117711967499525,0.061649701080828984,416.0,0.0017152702249999985,0.0012400437166666682,0.16569083935000917,0.1294842084808389
137,41,22775.0,0.068311286333337,0.04083503025832914,13630.0,0.056893237499998056,0.036442609249997565,300.0,0.001180880833333332,0.0007482667000000002,0.1263854046666684,0.0780259062083267
138,42,32402.0,0.10248720044167012,0.06314381700000844,36226.0,0.1160016077666801,0.0756278681641586,467.0,0.002130779516666664,0.0012067142583333335,0.22061958772501689,0.1399783994225004
139,43,15277.0,0.048185524691669444,0.03727476028333235,28404.0,0.10696675665829286,0.07383528016666414,1574.0,0.0077996330416664535,0.005183073724999999,0.1629519143916288,0.11629311417499648
140,44,19046.0,0.03959171055833474,0.049762573866672224,18709.0,0.07338827303333509,0.045684168830822776,1047.0,0.006747805183333278,0.0023723425499999977,0.1197277887750031,0.09781908524749501
141,45,11177.0,0.027925838141668047,0.02593944401666657,16701.0,0.07699820666666608,0.03966666383332638,639.0,0.002667104050000008,0.001067823216666668,0.10759114885833414,0.06667393106665963
142,46,43343.0,0.13957480464999023,0.08646737676664998,20582.0,0.0897072754333282,0.04572397741416537,1086.0,0.004706763833333375,0.0014401749250000095,0.23398884391665178,0.13363152910581536
143,47,30345.0,0.11756875275001391,0.0726202384999591,42012.0,0.20383134882499793,0.2921754819167863,1028.0,0.004535714166666702,0.001524867616666679,0.3259358157416785,0.36632058803341205
144,48,27623.0,0.09496493495000129,0.05812468788332364,18719.0,0.0686419873666642,0.04541517208082045,695.0,0.0028586358666666694,0.0010167279666666673,0.16646555818333217,0.10455658793081075
145,49,24012.0,0.08529901777500097,0.04746732361664477,14924.0,0.06109378158333763,0.04218352874999566,398.0,0.0015783665833333292,0.0008662027833333346,0.14797116594167192,0.09051705514997377
146,50,19371.0,0.07118241270833896,0.04396098397498839,15387.0,0.04835917918333545,0.028266713497495228,542.0,0.0018826710833333275,0.000758834216666662,0.12142426297500773,0.07298653168915027
147,51,20319.0,0.06317537032500113,0.0427780826999979,10507.0,0.045422791658335106,0.031343343833330574,814.0,0.003229489166666689,0.0012789322250000008,0.11182765115000293,0.07540035875832848
148,52,45011.0,0.13889912561668014,0.10120286297501332,36757.0,0.128759273699921,0.10643468224754814,847.0,0.0035435198333333517,0.0012265578166666727,0.27120191914993447,0.2088641030392281
149,53,30584.0,0.10470253360001622,0.06254531686666111,22664.0,0.1065076932499973,0.049823213999991615,843.0,0.003731368833333361,0.0020670508166666744,0.2149415956833469,0.1144355816833194
150,54,32497.0,0.10066393390833928,0.0672988988499984,27013.0,0.1158449054333038,0.07912761316415577,945.0,0.003799941750000034,0.0013803949333333406,0.22030878109164306,0.1478069069474875
151,55,56655.0,0.20358764543331342,0.14083881908332846,34006.0,0.1411763997416481,0.10688303058332921,2218.0,0.020798002833333575,0.010121964974999752,0.3655620480082951,0.2578438146416574
152,56,39696.0,0.1525548051166679,0.10941051785617138,43442.0,0.2055559334499981,0.3342275167476029,570.0,0.0022916572666666635,0.0014124148833333328,0.3604023958333326,0.44505044948710765
153,57,20986.0,0.0560450322416706,0.029455924141667054,11014.0,0.04350881316666922,0.04242780574999986,574.0,0.002057878875,0.000884185333333331,0.10161172428333982,0.07276791522500026
154,58,25968.0,0.07588269147500205,0.05231587969472655,31804.0,0.05591841787500921,0.07580447916415206,759.0,0.0029569082833333506,0.001018107016666668,0.1347580176333446,0.12913846587554528
155,59,26465.0,0.11375334610833243,0.061979871066646826,18926.0,0.07468438619166974,0.06167314783331466,1173.0,0.005096955250000045,0.0014762636750000249,0.1935346875500022,0.1251292825749615
156,60,22417.0,0.09992958598332297,0.04722258901665905,30436.0,0.10358561306666646,0.0784356384141576,2775.0,0.01225013497500001,0.003256590950000095,0.2157653340249894,0.12891481838081675
157,61,26602.0,0.07667153975833436,0.11671749158331278,34266.0,0.10753576666661267,0.09379472849999353,662.0,0.002838531083333333,0.0015669180500000027,0.18704583750828035,0.21207913813330628
158,62,16526.0,0.0705294443083356,0.04040441911665821,15778.0,0.04964133384999915,0.027872354830827433,723.0,0.0028532675750000034,0.0010160802666666613,0.12302404573333477,0.0692928542141523
159,63,16429.0,0.06917624310000285,0.03788798606666157,29275.0,0.08840119102500586,0.048358926499992246,754.0,0.0035281269250000235,0.0010956285250000044,0.16110556105000873,0.08734254109165382
160,64,15442.0,0.062496461325001564,0.0375545719166589,16006.0,0.05054569025000121,0.03403432266415944,907.0,0.004105708733333362,0.0011888642750000021,0.11714786030833614,0.07277775885581834
161,65,14147.0,0.05346497055833501,0.029700937733330803,23386.0,0.08499891416667103,0.05111586616665358,873.0,0.0045267077000000185,0.0010481182166666696,0.14299059242500606,0.08186492211665106
162,66,19356.0,0.08354649365000703,0.04443278329999059,19114.0,0.05921620568334759,0.0296691799975003,1080.0,0.0045456057500000285,0.0018133544333333578,0.14730830508335466,0.07591531773082426
163,67,11832.0,0.03423663277500447,0.02366109240091848,10469.0,0.0363265653249991,0.020342490666666633,764.0,0.0030311367416666914,0.0009697969833333347,0.07359433484167027,0.04497338005091845
164,68,33136.0,0.146359267774979,0.07525965894211464,26304.0,0.06704113603334334,0.05008607966414406,5631.0,0.027832967433334743,0.019485192933332823,0.24123337124165709,0.14483093153959153
165,69,14375.0,0.059655458341668556,0.034352027599998766,18409.0,0.07104566566667038,0.040021354333325126,1040.0,0.003909740050000013,0.001674789816666681,0.13461086405833897,0.07604817174999058
166,70,21006.0,0.08997147860832672,0.05907458309999365,20179.0,0.06196406751666998,0.03483198199749167,5288.0,0.028945315583333454,0.02698981434166545,0.18088086170833018,0.12089637943915077
167,71,4619.0,0.007791782741666368,0.006930549083333124,14845.0,0.03326911077499619,0.03288760558333116,21556.0,0.1220996393166234,0.12837227470004764,0.16316053283328597,0.1681904293667119
168,72,29351.0,0.11120458431665683,0.08700097420000528,33469.0,0.10422997474997911,0.06947084649746474,34818.0,0.2033769170832492,0.22170868079997763,0.4188114761498852,0.37818050149744764
169,73,55090.0,0.21474731166665564,0.1147852361166527,25341.0,0.08976116491665688,0.056777807333312905,49736.0,0.2878353112831993,0.3207871938664541,0.5923437878665118,0.4923502373164197
170,74,46425.0,0.1357454713250058,0.11193121274998603,39434.0,0.09472431860000649,0.09121274724749406,52837.0,0.30371719975818684,0.3390592409747512,0.5341869896831991,0.5422032009722313
171,75,19904.0,0.06550589714999569,0.05255830784167753,25944.0,0.07488011615833555,0.07580978591668172,62859.0,0.3551965362831612,0.38544916074159724,0.4955825495914925,0.5138172544999565
172,76,5028.0,0.010779791866666558,0.00896912994999976,20275.0,0.0445925902000023,0.06489601441418952,76308.0,0.43369081574977814,0.48178057323354107,0.48906319781644697,0.5556457175977303
173,77,13242.0,0.039535056524999446,0.02974172748703302,39315.0,0.10998577724995812,0.11416807591673891,71967.0,0.410530127499795,0.4617334459334445,0.5600509612747526,0.6056432493372165
174,78,39885.0,0.13105320014169655,0.09553395332393579,14413.0,0.03400335059999928,0.03728718149749892,58891.0,0.33664678141649906,0.37825122491652896,0.5017033321581948,0.5110723597379637
175,79,26616.0,0.0740335214666752,0.07770185329613559,20051.0,0.05352303269167105,0.0512417627499902,57312.0,0.32757677083317266,0.3665969855831623,0.4551333249915189,0.4955406016292881
176,80,37980.0,0.10100548842503525,0.1252673864112495,34056.0,0.11554790966662043,0.0911813345808644,51054.0,0.2922714253415283,0.32618604791644107,0.508824823433184,0.5426347689085549
177,81,42064.0,0.11622637686669567,0.10606661198045458,30220.0,0.09478096616665638,0.08116164083333152,48353.0,0.2765533466248667,0.31044660717480876,0.48756068965821875,0.49767485998859484
178,82,36380.0,0.09218898368335761,0.08551682426666683,37688.0,0.11111755884998138,0.11155128016419014,47691.0,0.2696088233415431,0.30119989429982563,0.47291536587488203,0.49826799873068256
179,83,32201.0,0.09246148824167882,0.07465890885000374,31384.0,0.11778245890826855,0.09848161641668259,53083.0,0.3022137388498499,0.3379066260997517,0.5124576859997974,0.5110471513664381
180,84,17400.0,0.06777624952499006,0.03958721690000188,13444.0,0.04251878411666731,0.04588437758083551,56444.0,0.32373401968317395,0.3643442938164821,0.4340290533248313,0.44981588829731944
181,85,28238.0,0.10042361290000612,0.07141039055666085,31714.0,0.07442346091667229,0.0802703114999974,57824.0,0.32248055048318347,0.34915548476642805,0.4973276242998619,0.5008361868230863
182,86,17306.0,0.06571536176666974,0.04412309884833075,20953.0,0.04218827843333202,0.059419895247500486,59836.0,0.34340131155816084,0.385912576283215,0.4513049517581626,0.48945557037904625
183,87,17811.0,0.061971646224985855,0.07410583030000371,6331.0,0.014573404408334203,0.013060326499999775,68261.0,0.38960089541646653,0.43985286411672114,0.4661459460497866,0.5270190209167246
184,88,12270.0,0.044807931208334255,0.03766283308333352,9561.0,0.03212668028333787,0.03451655583083473,67222.0,0.38402682161646984,0.43427936495836866,0.46096143310814197,0.5064587538725369
185,89,12112.0,0.041104409208333414,0.03579153601666781,13649.0,0.02440817191666818,0.030990682750000526,64293.0,0.3673289993914796,0.41592521574997515,0.4328415805164812,0.48270743451664344
186,90,17684.0,0.05978383564166261,0.05924724581667093,39961.0,0.0473892940166774,0.06330986066417556,50580.0,0.288638546008195,0.32462318470811563,0.395811675666535,0.44718029118896213
187,91,20103.0,0.06018659435832091,0.2167824282000624,19013.0,0.048442303241672056,0.0694994556666686,67351.0,0.3802228458414736,0.4217664236666975,0.48885174344146654,0.7080483075334285
188,92,33640.0,0.10264926097498477,0.2743204800668396,14254.0,0.019474879533330724,0.04510582816416218,69017.0,0.3943519401997973,0.445382804833404,0.5164760807081128,0.7648091130644058
189,93,6654.0,0.015713207283333357,0.013866474383333965,22769.0,0.07613923508333696,0.04893992583331232,71262.0,0.4071413436247896,0.4607726438667856,0.49899378599145994,0.5235790440834319
190,94,5807.0,0.0168531005916685,0.010161416183333428,11772.0,0.030891783016668752,0.025592561497498428,77278.0,0.44057094549976983,0.497929355983573,0.4883158291081071,0.5336833336644049
191,95,8375.0,0.02102355536666944,0.024365164650000635,33474.0,0.05646950130002397,0.040132946833322615,71646.0,0.4086451595581228,0.4614998211834539,0.4861382162248162,0.5259979326667772
192,0,28016.0,0.06779412435000878,0.03739366737700762,61813.0,0.21445607664146193,0.31154206291637276,50733.0,0.2894060299748593,0.327351993033103,0.57165623096633,0.6762877233264833
193,1,13700.0,0.05717035150833531,0.023924402490037765,14097.0,0.04223930108334297,0.03577821941416412,53941.0,0.3078282882665156,0.34798230779975825,0.40723794085819387,0.40768492970396014
194,2,10928.0,0.03330654364167225,0.017915193072927403,23271.0,0.05551076537501388,0.057031424747487514,70113.0,0.39822344809979743,0.4486782371500887,0.4870407571164836,0.5236248549705036
195,3,21179.0,0.01954235439166722,0.01269938666317467,27014.0,0.10068878738333888,0.14801803158333549,56471.0,0.3206032075081738,0.3613678021831404,0.4408343492831799,0.5220852204296506
196,4,30288.0,0.10080580418335217,0.07088117546366095,13154.0,0.0455918797083332,0.03318399891416794,60638.0,0.34227134958316036,0.38444093155822967,0.4886690334748457,0.48850610593605853
197,5,8188.0,0.02568901515000285,0.016264564202877068,10536.0,0.037488903666671895,0.01989542841666732,68580.0,0.39195745824980055,0.4434876862000657,0.4551353770664753,0.47964767881961007
198,6,22439.0,0.08554760254168293,0.03835997607599034,52285.0,0.20003142084991055,0.31054962949740217,70874.0,0.4050240242081254,0.4577282263751105,0.6906030475997189,0.8066378319485029
199,7,9489.0,0.023326438491667496,0.018539365176818496,28804.0,0.09622058665830256,0.14981744641665912,77288.0,0.4423659276747773,0.49740015889189226,0.5619129528247474,0.6657569704853699
200,8,21001.0,0.0724598855750219,0.07708493732987035,28043.0,0.10199820561663703,0.16177699324755365,70025.0,0.40132762884146617,0.44850007661674524,0.5757857200331251,0.6873620071941693
201,9,6677.0,0.017035738775000298,0.01000041289038334,23105.0,0.0602793493333429,0.0657987077499889,81233.0,0.4668025415247699,0.5220534139086337,0.544117629633113,0.5978525345490059
202,10,20317.0,0.028681342608334073,0.008771352746688558,19198.0,0.02182663554166768,0.02373531033082535,62471.0,0.3576002132081546,0.4002696791749287,0.4081081913581564,0.43277634225244266
203,11,6501.0,0.012944220624999407,0.007959052559991492,19383.0,0.053483435525003245,0.036293918416668756,87377.0,0.5155554096747895,0.5640635875502633,0.5819830658247922,0.6083165585269237
204,12,16141.0,0.045486197150003516,0.057909006332349945,27986.0,0.08387801131667033,0.06640187983081626,86253.0,0.49683602973307694,0.557569578883781,0.6262002381997508,0.6818804650469472
205,13,20918.0,0.0774532685500067,0.04031199561507275,22817.0,0.07180631491667677,0.06828019633332301,55003.0,0.314264888008177,0.36294331873311814,0.4635244714748604,0.47153551068151395
206,14,10090.0,0.03490476182500219,0.019530607569104193,31729.0,0.048801369016690424,0.04195005541414125,48089.0,0.27343023933320126,0.3151200967831013,0.35713637017489386,0.37660075976634677
207,15,7400.0,0.017113932516667544,0.010969966522799737,11715.0,0.04062706252500217,0.02160627350000085,15988.0,0.09001335467497751,0.08660014894164565,0.14775434971664722,0.11917638896444624
208,16,32582.0,0.08997811383335862,0.06697965286116908,19015.0,0.09676963224999537,0.0468862160808378,7556.0,0.024530219650002138,0.016024930349999647,0.2112779657333561,0.12989079929200653
209,17,26890.0,0.06876362561666559,0.0348774217166765,8530.0,0.02024507558333359,0.01233981824999951,5982.0,0.008226313708333103,0.005293554983332502,0.09723501490833227,0.052510794950008516
210,18,31146.0,0.07452545123334084,0.07034962712085008,17236.0,0.04609581162500942,0.026656121497497628,9455.0,0.03586189508333943,0.03898533714166611,0.15648315794168968,0.1359910857600138
211,19,33770.0,0.07756538434999427,0.07314398519847873,28231.0,0.08087966860835924,0.045807992166642976,6473.0,0.012748210033333011,0.009102288724998723,0.17119326299168655,0.12805426609012044
212,20,16286.0,0.026633542941672222,0.026194159557335388,16135.0,0.027553497733335413,0.020311965164166425,6032.0,0.010508951891666542,0.0074845471833331345,0.06469599256667417,0.05399067190483495
213,21,14609.0,0.03051624357500327,0.025099417516284233,21966.0,0.05405020008335352,0.028891618749999376,5599.0,0.007582365308333153,0.005978916008332759,0.09214880896668995,0.05996995227461637
214,22,32444.0,0.04424917277500389,0.030066173302158623,24122.0,0.032586917016670346,0.031350646580829644,5307.0,0.012790323533333307,0.0120245012249998,0.08962641332500755,0.07344132110798808
215,23,17666.0,0.04689484818333703,0.031239632462866696,11357.0,0.02127052755000027,0.01923790153333458,1357.0,0.006281085516666734,0.0048251451666667155,0.07444646125000402,0.05530267916286799
216,24,40190.0,0.13134011475003715,0.07313056768329654,15206.0,0.050645232641673144,0.03396349024749765,711.0,0.0035490711416666758,0.0032955020583333326,0.185534418533377,0.11038955998912754
217,25,15563.0,0.03360677995000185,0.020096583705787464,5913.0,0.020380558083333743,0.010942301283334076,732.0,0.0034716230916666587,0.0030161926083333455,0.05745896112500225,0.03405507759745489
218,26,13169.0,0.03549402386667259,0.01611989996584525,14903.0,0.028786515958331222,0.036453682914159256,899.0,0.0036236697000000114,0.0025755083000000094,0.06790420952500383,0.055149091180004516
219,27,15581.0,0.041883784683340745,0.02188851701493057,5821.0,0.010431347358333174,0.01739789168333384,1383.0,0.009123954608333366,0.004726113866666665,0.061439086650007295,0.04401252256493107
220,28,40911.0,0.06287048269165225,0.06439014715906739,12059.0,0.017453482308333323,0.014459251830831372,1397.0,0.005705267583333364,0.005387218558333366,0.08602923258331895,0.08423661754823213
221,29,36933.0,0.12654254031667997,0.06636692564524932,37262.0,0.11657388658326624,0.07627809599995698,1769.0,0.009904503016666613,0.0082206295666666,0.2530209299166128,0.1508656512118729
222,30,14514.0,0.04303312474166905,0.02226404286068663,28662.0,0.06852740976665336,0.05978588908081343,1002.0,0.004465299533333363,0.00375671225000002,0.11602583404165578,0.08580664419150007
223,31,27410.0,0.07188097057499057,0.05073784749440789,9995.0,0.020898818358331517,0.02893217500000136,875.0,0.0035842444333333513,0.0027962502583333444,0.09636403336665543,0.0824662727527426
224,32,18165.0,0.04261680000000495,0.0350692171422196,32362.0,0.13227066566666715,0.296510619830867,767.0,0.003402371499999998,0.003373467983333333,0.1782898371666721,0.33495330495641995
225,33,31519.0,0.09428440428332745,0.0551636829788411,18404.0,0.07663100933333526,0.04816610933332382,986.0,0.004361169175000003,0.003776572833333319,0.1752765827916627,0.10710636514549823
226,34,23936.0,0.0620083326333442,0.07046341353478926,24297.0,0.08177782204166953,0.06369142574748614,1254.0,0.005306374500000029,0.003860363016666651,0.14909252917501375,0.13801520229894204
227,35,12720.0,0.03266562812500837,0.01949867830983824,16367.0,0.034282192466665855,0.016444591249998905,1781.0,0.006600783166666752,0.004981470233333357,0.07354860375834096,0.04092473979317051
228,36,17321.0,0.05359499367500957,0.03230307291366687,7727.0,0.030415550116666683,0.026240912664168094,1509.0,0.006692819725000065,0.005305101358333275,0.09070336351667632,0.06384908693616825
229,37,12129.0,0.024916730283331235,0.0145864385925328,9398.0,0.02851604783333305,0.016493818700000492,1250.0,0.0055770340083333425,0.004496238350000009,0.059009812124997625,0.035576495642533304
230,38,8146.0,0.018081608091665372,0.010407589650565846,5802.0,0.012768359016666658,0.0058715480808336235,2127.0,0.008846215741666894,0.006367893366666728,0.03969618284999892,0.0226470310980662
231,39,10314.0,0.030182592425002652,0.017248045075585153,7463.0,0.026178275024999528,0.014089555500000382,2087.0,0.009098901508333165,0.006724193425000007,0.06545976895833534,0.03806179400058555
232,40,25311.0,0.08624730799164224,0.0409628057841623,10806.0,0.05863800291666673,0.0365310149725006,1298.0,0.0055949824166666865,0.0037605526833333538,0.15048029332497564,0.08125437343999625
233,41,27220.0,0.09926415644165816,0.05472325312730974,4485.0,0.018889053416665802,0.010723887416666642,2058.0,0.011133224433333207,0.008989505816666656,0.12928643429165718,0.07443664636064305
234,42,17768.0,0.04521165422500659,0.026612261971063114,7752.0,0.01969090462499847,0.01171691816416618,3794.0,0.014802161333333357,0.011727956699999955,0.0797047201833384,0.050057136835229256
235,43,11924.0,0.02924512975833382,0.02261914267188469,2598.0,0.009727349916666869,0.0036259087499999976,1281.0,0.005945974341666705,0.004410924883333363,0.0449184540166674,0.030655976305218047
236,44,19516.0,0.05161067853333793,0.022980235314613098,7929.0,0.0382788931666666,0.032478505497500906,1027.0,0.004653413283333351,0.003958760574999962,0.0945429849833379,0.05941750138711397
237,45,4831.0,0.008234747291666518,0.006141042254141329,6393.0,0.02025440749999834,0.005378004083333984,798.0,0.00415944286666668,0.0028471864833333315,0.03264859765833154,0.014366232820808643
238,46,13065.0,0.0244977508500006,0.015353230115602556,2409.0,0.010497605600000213,0.0033488214975000174,1224.0,0.005861850833333391,0.003861674866666681,0.0408572072833342,0.022563726479769255
239,47,15052.0,0.05231070517499302,0.027791711677614656,3630.0,0.012938998025000094,0.003548739333333358,1271.0,0.005846307891666676,0.003600152599999987,0.07109601109165979,0.034940603610948
240,48,15394.0,0.04269460825833862,0.017068996099653767,17856.0,0.07451345441667138,0.04698870033082565,747.0,0.0038627573999999967,0.002940543475000002,0.12107082007501,0.06699823990547941
241,49,10006.0,0.01248560558333245,0.010062278763405739,4323.0,0.009268878750000095,0.004736737000000283,964.0,0.00417029926666669,0.003619342299999994,0.025924783599999234,0.01841835806340602
242,50,15585.0,0.03320890070833149,0.01998630294378324,11550.0,0.028352235541666198,0.014687628333334833,876.0,0.003996129250000016,0.0028198715583333325,0.06555726549999771,0.0374938028354514
243,51,13672.0,0.01949662293333539,0.03181064645875939,10434.0,0.04037024441666941,0.024687652580831655,1325.0,0.006102626583333353,0.0035553778166666932,0.06596949393333816,0.06005367685625773
244,52,11663.0,0.022709926333336856,0.02735917239996801,10917.0,0.04610907575000103,0.023506397830833928,1365.0,0.006720894749999959,0.003743406633333328,0.07553989683333784,0.05460897686413527
245,53,9441.0,0.016478359058332778,0.010449533703192387,15347.0,0.053126312749999204,0.02440182541666598,1000.0,0.004921325925000031,0.0033992737833333352,0.07452599773333202,0.0382506329031917
246,54,8021.0,0.015593761533333425,0.016466398643165778,4896.0,0.025195261850000178,0.018118026914167133,1039.0,0.005104764000000038,0.003758920466666672,0.04589378738333364,0.03834334602399958
247,55,18952.0,0.04950534882501091,0.0948505688976444,9154.0,0.04029778577499775,0.044099880999997634,1032.0,0.005183304833333375,0.0037351522333333134,0.09498643943334203,0.14268560213097534
248,56,8155.0,0.016080539625000456,0.015299141112458907,4217.0,0.011789826333333359,0.01745111491416647,669.0,0.003150247166666664,0.00289391284999999,0.031020613125000474,0.03564416887662537
249,57,43967.0,0.11915306202501032,0.18311965792190066,29688.0,0.10214243499997866,0.11412955266667685,869.0,0.004087149341666683,0.003711952341666651,0.22538264636665564,0.30096116293024416
250,58,10911.0,0.024816559208333245,0.021343121179975867,14651.0,0.027828883541661707,0.05007764233082629,865.0,0.004392106541666681,0.0031086582999999917,0.05703754929166163,0.07452942181080215
251,59,25176.0,0.08892304049166716,0.055130244297677315,14856.0,0.037447859916662884,0.06385226633334416,1046.0,0.004724999333333365,0.0030415933833333455,0.1310958997416634,0.12202410401435482
252,60,13367.0,0.031162852866671708,0.021984714309515336,14050.0,0.028200394916665768,0.063615984080842,1608.0,0.00820748253333315,0.004928190283333295,0.06757073031667063,0.09052888867369065
253,61,10279.0,0.02566447759166815,0.04373691539949104,21179.0,0.05476909666666676,0.0695895379999801,876.0,0.004192018508333337,0.0028800049249999974,0.08462559276666824,0.11620645832447114
254,62,18855.0,0.06027224129167288,0.055034964089381216,21278.0,0.05603699068333874,0.07077381408086206,1131.0,0.005347623166666717,0.0035526487833333334,0.12165685514167834,0.1293614269535766
255,63,21951.0,0.0665331833000024,0.03437467981988433,7743.0,0.025168068108332282,0.01233783533333387,1227.0,0.006922973083333327,0.0037819678000000434,0.09862422449166801,0.05049448295321825
256,64,10368.0,0.030869376591670127,0.01989788292786191,15241.0,0.027432273083331765,0.03278605008083299,1308.0,0.008798281974999895,0.005678780191666643,0.06709993165000179,0.05836271320036154
257,65,36808.0,0.14016243897499253,0.09867991804037947,22165.0,0.05432420666666523,0.07275015425000296,50096.0,0.28537151009152867,0.3204694195581206,0.47985815573318646,0.49189949184850307
258,66,11947.0,0.032270565891667845,0.02269990318057699,12170.0,0.021512223124998755,0.01796563924749974,60034.0,0.342846706566495,0.38603890232488525,0.39662949558316163,0.426704444752962
259,67,19793.0,0.057149517191669164,0.040071458878579186,9523.0,0.016731917833332926,0.009287459166666468,60152.0,0.3437298662664919,0.38542653946655453,0.41761130129149393,0.4347854575118002
260,68,29181.0,0.1024084185333136,0.09037492043576757,14715.0,0.040148550249995724,0.02906907799749915,56376.0,0.3216820427915071,0.3624593416831437,0.4642390115748164,0.4819033401164104
261,69,32212.0,0.09635900842498535,0.10868069662571207,23117.0,0.09011109008332992,0.05652368250000918,63849.0,0.3669308853748203,0.4134705774999712,0.5534009838831355,0.5786749566256925
262,70,18208.0,0.040092528000008405,0.06086627645736645,9742.0,0.032391032016663684,0.024039308747500432,42243.0,0.24130127166655582,0.27035081575821684,0.3137848316832279,0.3552564009630837
263,71,26243.0,0.09212588577501044,0.08290934189937095,31323.0,0.11090757844164524,0.0959975235000084,1126.0,0.005073528233333377,0.0029755677000000203,0.20810699244998906,0.18188243309937938
264,72,27369.0,0.11574942329166858,0.08216245128123896,29716.0,0.12628776374998638,0.09141803991415759,1060.0,0.006140105066666672,0.004896445033333321,0.24817729210832162,0.17847693622872987
265,73,19450.0,0.07618148153334062,0.07969406653043207,39563.0,0.18387674091663947,0.11604030008333105,1060.0,0.006057783766666666,0.004614440049999977,0.26611600621664677,0.20034880666376312
266,74,59408.0,0.20591856337500747,0.16500663645855704,66641.0,0.2109566368748302,0.18804479866418042,1106.0,0.005002420416666694,0.0031137864000000083,0.42187762066650436,0.35616522152273744
267,75,53085.0,0.14972114011674362,0.1889940141726717,38859.0,0.12683593566662166,0.12473867375002991,1074.0,0.004661897958333353,0.00364291914166665,0.28121897374169863,0.31737560706436824
268,76,24092.0,0.07505499131668301,0.08198580193617327,54079.0,0.17197632016656542,0.1778775469975515,7794.0,0.051126690758333246,0.08544729455000664,0.2981580022415817,0.34531064348373147
269,77,15125.0,0.01950875716666401,0.033572633765564956,49259.0,0.1543775436665892,0.1232382064166961,851.0,0.0040301419250000055,0.0037251485333333074,0.1779164427582532,0.16053598871559438
270,78,9104.0,0.02157431933333387,0.02557311401369382,55707.0,0.1828768241831623,0.16558218283094153,1171.0,0.004735679658333368,0.0033419481750000053,0.2091868231748296,0.19449724501963536
271,79,15016.0,0.0586471639416694,0.03704864978023086,54794.0,0.16909441869154007,0.14327765683341404,1352.0,0.00663532589166668,0.004842866033333283,0.23437690852487617,0.1851691726469782
272,80,7239.0,0.013604462958333634,0.008273938557999655,45153.0,0.155003430999894,0.13494822349755506,965.0,0.004092285166666682,0.003015126924999997,0.17270017912489433,0.1462372889805547
273,81,15182.0,0.028847021516659407,0.028195945906142113,50763.0,0.1999249484999154,0.15273725616666525,1116.0,0.00484318528333337,0.004057239675000013,0.23361515529990814,0.18499044174780738
274,82,3945.0,0.007375703333333077,0.006013840934849733,31717.0,0.11184521568331418,0.07818854408083059,1478.0,0.006343317758333363,0.0041690990333332996,0.12556423677498063,0.08837148404901363
275,83,16886.0,0.021308366216662124,0.030154289570817592,29060.0,0.10973311335832847,0.08264175216666209,2101.0,0.00978208980833333,0.00890975148333327,0.1408235693833239,0.12170579322081294
276,84,7104.0,0.015310620750000357,0.010735661578049912,28141.0,0.1152727708333313,0.0764153610808108,3826.0,0.018734435500000087,0.02349489178333272,0.14931782708333174,0.11064591444219343
277,85,5118.0,0.009622007249999738,0.008045445391491449,30068.0,0.11053507900000471,0.07017400783331099,1218.0,0.005213378258333346,0.005970016633333407,0.1253704645083378,0.08418946985813583
278,86,4055.0,0.007197966883333073,0.006860863672516392,19577.0,0.08901863726667024,0.04760769199748842,851.0,0.0035030020833333535,0.002059227200000016,0.09971960623333669,0.05652778287000483
279,87,3666.0,0.00639754839166644,0.005037436969574754,23994.0,0.09029463624166423,0.050415440666647354,1379.0,0.004649297000000035,0.0030900820500000085,0.10134148163333069,0.05854295968622211
280,88,4394.0,0.007806016391666394,0.005906849055691437,23372.0,0.08976505278333957,0.056038348247472905,1250.0,0.004376414033333342,0.0030908040999999974,0.1019474832083393,0.06503600140316433
281,89,6815.0,0.01346888770833417,0.01122267861309184,17922.0,0.061014470083355546,0.049297310666663874,639.0,0.002351425225000003,0.0019064720666666741,0.07683478301668972,0.06242646134642238
282,90,4989.0,0.009311579416666521,0.0066961784121749544,49508.0,0.09445627093332148,0.08028385524747439,973.0,0.003757839666666684,0.0023209292833333527,0.1075256900166547,0.08930096294298269
283,91,5355.0,0.011271222433333148,0.007228189175141111,20207.0,0.06809698635833968,0.03476886249998774,946.0,0.0036260569333333575,0.002360933966666689,0.08299426572500619,0.04435798564179554
284,92,13503.0,0.022991143191663416,0.026303687678688438,26061.0,0.05998551133331878,0.05569273558083461,785.0,0.002834157533333335,0.0017892169500000152,0.08581081205831553,0.08378564020952306
285,93,22280.0,0.0374717202333389,0.04674818194977936,40558.0,0.13154409750007753,0.09475760108330888,895.0,0.003225187366666668,0.0025521794000000144,0.17224100510008308,0.14405796243308827
286,94,16232.0,0.02437425335000201,0.03041678590629546,30190.0,0.11437893368336383,0.07345881633080494,958.0,0.003687757750000023,0.0026554743166666947,0.14244094478336586,0.10653107655376709
287,95,13472.0,0.028160252183335545,0.0223822192914608,42542.0,0.10871025227498385,0.06189406641667614,817.0,0.0032777407833333547,0.0020474714833333503,0.14014824524165276,0.0863237571914703
288,0,9348.0,0.0226812571750022,0.021336183683268846,44375.0,0.14145240508334123,0.07821828874832581,11714.0,0.034887074749999,0.02155988149999998,0.19902073700834244,0.12111435393159464
289,1,20624.0,0.05043788994167448,0.052391308744524155,39876.0,0.2038673339999974,0.24682539549920965,16678.0,0.05243115942499883,0.02503158221666616,0.3067363833666707,0.3242482864604
290,2,14273.0,0.03424361745000834,0.03789303186568443,20176.0,0.08320557387499453,0.05535432874749192,1303.0,0.004847516675000031,0.0017470810833333508,0.1222967080000029,0.09499444169650968
291,3,4658.0,0.00893261597499969,0.00781921744936648,17924.0,0.07885829935834046,0.03913693008332037,623.0,0.0026511321666666675,0.0011976261666666683,0.0904420475000068,0.04815377369935352
292,4,7416.0,0.015620362533333964,0.017290838794433806,22078.0,0.09341955055833638,0.05127158941415043,684.0,0.002789054416666663,0.0010477381166666716,0.11182896750833701,0.06961016632525091
293,5,12330.0,0.02082405835000164,0.05020872655354691,26298.0,0.07384896416669386,0.04362788041665129,378.0,0.0012963867749999985,0.0007690612166666651,0.09596940929169549,0.09460566818686487
294,6,7428.0,0.018603769900000507,0.010836659077766543,30300.0,0.09764592343335088,0.05531830649747068,616.0,0.0022943364249999936,0.0008350537666666621,0.11854402975835139,0.06699001934190389
295,7,19714.0,0.029439124416665127,0.095041134523577,26940.0,0.07291862810836267,0.04169815566664583,1481.0,0.004416813875000002,0.0025969454833333675,0.10677456640002779,0.13933623567355619
296,8,7981.0,0.016369090375001377,0.0253693996918113,36436.0,0.12577021216665113,0.17362211149754422,750.0,0.0016521895083333345,0.0010623838666666636,0.14379149204998584,0.2000538950560222
297,9,15080.0,0.01917881186667156,0.03390969771002783,12103.0,0.05350786558333391,0.030902632249995135,447.0,0.001603952533333334,0.0011381374666666634,0.0742906299833388,0.06595046742668963
298,10,6017.0,0.014087287391666991,0.009180708535483107,37647.0,0.08021137087504951,0.0574663929141493,1140.0,0.0038806752500000147,0.001755775783333335,0.0981793335167165,0.06840287723296574
299,11,11057.0,0.02888610840833655,0.01949941893760135,33118.0,0.09977315752500036,0.04920000549997965,477.0,0.001919630891666666,0.0008354650499999952,0.13057889682500357,0.06953488948758099
300,12,9570.0,0.021589491758336583,0.019341603750601212,19292.0,0.07395964540000867,0.0463430738308303,435.0,0.0017289140083333301,0.0010162460333333328,0.09727805116667859,0.06670092361476485
301,13,8735.0,0.016283178258335713,0.020331943278367567,12265.0,0.05702801783333441,0.02835789274999667,353.0,0.0012946859166666667,0.0007381332166666647,0.0746058820083368,0.0494279692450309
302,14,6012.0,0.013465480850000641,0.010369376941491523,11964.0,0.06073751168333477,0.02624855116416372,367.0,0.0016218240083333306,0.0008611309499999991,0.07582481654166874,0.03747905905565524
303,15,3887.0,0.006847074341666317,0.005511197127449696,4972.0,0.013372267358333367,0.006690902166666705,370.0,0.0015750634166666654,0.0008901474666666665,0.02179440511666635,0.01309224676078307
304,16,18241.0,0.0248729433583267,0.0418477372065956,9748.0,0.017469220416663492,0.011219346064167144,417.0,0.0018704559833333295,0.0014315283666666695,0.044212619758323524,0.05449861163742942
305,17,15532.0,0.022760953700000412,0.027961455542725864,6799.0,0.016081068166666487,0.011285834199999466,362.0,0.0013071447583333311,0.0008734866833333331,0.04014916662500023,0.040120776426058664
306,18,31723.0,0.03788741366666084,0.062209185008446063,4032.0,0.007466127958333156,0.011411300814166499,609.0,0.002159137474999996,0.001894067316666666,0.04751267909999399,0.07551455313927923
307,19,11313.0,0.017358022025000322,0.018919990752153348,12299.0,0.02743354535833529,0.030781364083329356,390.0,0.0014053757583333325,0.0008776313166666668,0.046196943141668945,0.050578986152149376
308,20,12171.0,0.023465516133335175,0.018551044253385832,24434.0,0.09481968031668754,0.04792153574746128,393.0,0.0014745185333333323,0.0009230218500000007,0.11975971498335605,0.06739560185084711
309,21,12679.0,0.017116820316667763,0.01434281282359375,7332.0,0.026833261333336078,0.01276967483333345,383.0,0.0016247496166666656,0.0013504330500000016,0.04557483126667051,0.028462920706927207
310,22,39441.0,0.05808903170838397,0.07269210738363636,26556.0,0.08504694343334314,0.061877308580797354,882.0,0.005075919233333295,0.0036670210750000013,0.1482118943750604,0.13823643703943372
311,23,20379.0,0.0493073561000126,0.028817594893648855,11024.0,0.04574763352499764,0.04856178800000597,368.0,0.0016573401333333324,0.0013204190500000015,0.09671232975834357,0.07869980194365482
312,24,49141.0,0.08759687335001669,0.12031377574903536,10755.0,0.046395623666668585,0.02870157524749643,364.0,0.001373935974999997,0.0010087403666666683,0.13536643299168527,0.15002409136319844
313,25,26317.0,0.07609013538331934,0.04288244124136188,24330.0,0.08669628499997968,0.05243396216664963,308.0,0.0014042299499999987,0.0008404324666666659,0.16419065033329902,0.09615683587467819
314,26,25474.0,0.05138710695832461,0.0504048105423898,21717.0,0.06663142362497858,0.0671416935808147,599.0,0.0032581062333333364,0.00213284836666667,0.12127663681663652,0.11967935248987117
315,27,21423.0,0.029734100391670557,0.03181283958609765,12369.0,0.025700838416667864,0.03286207649999809,318.0,0.0014065076249999986,0.0007599656333333326,0.05684144643333842,0.06543488171942907
316,28,17025.0,0.04103114634166753,0.022425080499214982,20070.0,0.03275226250000558,0.03254410741416304,889.0,0.0048822806999999635,0.0031912556166666566,0.07866568954167308,0.05816044353004468
317,29,12060.0,0.029863197575003178,0.017516782578050068,21173.0,0.06818655099998985,0.06317760291665521,1072.0,0.006535104516666665,0.004666884216666664,0.1045848530916597,0.08536126971137194
318,30,8352.0,0.0203024131333349,0.011472351536999987,23702.0,0.07032028918333294,0.07712518983085638,337.0,0.0012271526999999987,0.0007814762833333313,0.09184985501666783,0.08937901765118969
319,31,18753.0,0.05911007743333589,0.03168455028908448,29711.0,0.08703554202498702,0.10492422983338888,466.0,0.001630693999999996,0.0011771284499999986,0.1477763134583229,0.13778590857247333
320,32,31440.0,0.10779103575003657,0.06372350402538755,23575.0,0.0873799975000029,0.05315657058081423,413.0,0.0018408998916666637,0.001441611616666666,0.19701193314170612,0.11832168622286846
321,33,18041.0,0.05951894030000147,0.03648435804851535,17088.0,0.05847381516666505,0.0385971464999934,452.0,0.0014755754499999967,0.0009439120499999985,0.1194683309166665,0.07602541659850874
322,34,6745.0,0.016198903700000475,0.009015466230674373,15505.0,0.048836804849999596,0.025657075414164954,533.0,0.0019368439166666607,0.0011364333749999983,0.06697255246666674,0.03580897501983933
323,35,9852.0,0.024172030766665624,0.012772027114167396,11725.0,0.027273054941669435,0.015326276000002585,503.0,0.0017262374999999957,0.0014157687833333329,0.05317132320833505,0.029514071897503314
324,36,13071.0,0.04372688352500344,0.02313367292419411,10205.0,0.015592741999998341,0.009336447414166605,1357.0,0.007594896408333321,0.00614930580000001,0.0669145219333351,0.038619426138360724
325,37,14054.0,0.06594481951667107,0.03332328799658511,7445.0,0.015490865249999333,0.007377916200000122,492.0,0.0019043372333333302,0.0015561569833333346,0.08334002200000373,0.042257361179918566
326,38,8730.0,0.015942545666668535,0.02704062527687804,3837.0,0.007546193516667058,0.0030396987475000675,532.0,0.002290483758333324,0.0009681936833333302,0.025779222941668914,0.03104851770771144
327,39,7789.0,0.013892289875000555,0.014952690088110553,2675.0,0.007094004300000124,0.002486690475000003,393.0,0.0015787484166666591,0.0005811115499999969,0.02256504259166734,0.018020492113110555
328,40,7820.0,0.020134171175000097,0.012298792578616735,8777.0,0.029784091225006387,0.02348673966416711,1134.0,0.003366574833333351,0.0012998307000000125,0.053284837233339835,0.037085362942783855
329,41,6117.0,0.012395275933333373,0.007631294247974613,8153.0,0.024437801833334362,0.024194699583334686,612.0,0.002511709750000003,0.001446476800000009,0.039344787516667735,0.03327247063130931
330,42,18525.0,0.02131021195834567,0.023471671164632654,12166.0,0.01441460201666588,0.013059780997497853,1181.0,0.0055159497249999785,0.0024100067000000116,0.04124076370001153,0.03894145886213052
331,43,8217.0,0.016337140649999915,0.011271029489341743,5133.0,0.0067556251916666915,0.00790083391666628,681.0,0.0027716757583333383,0.0011594377000000038,0.025864441599999944,0.02033130110600803
332,44,13620.0,0.017764806725000193,0.021409796683017287,2563.0,0.005923152250000088,0.002261490330833329,721.0,0.0030200634583333517,0.001198264700000011,0.02670802243333363,0.024869551713850625
333,45,9125.0,0.01535401413333463,0.020273587643043777,7783.0,0.026524603499999463,0.01645044850000038,803.0,0.0034076902000000297,0.0011421058166666644,0.04528630783333412,0.037866141959710824
334,46,19563.0,0.05001960095833629,0.05374427551893471,15267.0,0.08281550818333262,0.15484095599751724,590.0,0.0027694910083333503,0.0011686496166666738,0.13560460015000225,0.20975388113311863
335,47,16416.0,0.043265724691670907,0.028222564258759932,9926.0,0.03501705702501557,0.014581839583336153,887.0,0.0038629994500000145,0.0012286457666666746,0.0821457811666865,0.04403304960876276
336,48,56699.0,0.15206238998329297,0.11704531827382435,30560.0,0.10621100033328852,0.09432536874751367,491.0,0.0020523026833333255,0.0012791344833333303,0.26032569299991476,0.21264982150467135
337,49,31298.0,0.05422385987500582,0.07069816067480898,8835.0,0.0289088119166668,0.0223010873333352,4624.0,0.015389557949999714,0.005823823866666776,0.09852222974167234,0.09882307187481096
338,50,22728.0,0.025443209591671328,0.03249873527309912,14568.0,0.04262333026667138,0.043617327330826954,849.0,0.0033005800916666786,0.0016151237833333394,0.07136711995000938,0.07773118638725941
339,51,20276.0,0.040562946016671264,0.04831912618624723,7160.0,0.03775150221666709,0.024173995333331515,1675.0,0.005586934225000034,0.002491731316666651,0.08390138245833839,0.07498485283624538
340,52,14565.0,0.030255245550002755,0.03297136021695265,26113.0,0.1256523820583325,0.2890665800808171,749.0,0.0030847154166666747,0.0016846009333333395,0.15899234302500193,0.32372254123110306
341,53,7580.0,0.013163209291667668,0.017250105970809084,24827.0,0.06639871333333458,0.049998118333314114,661.0,0.0029568635833333375,0.0014615519000000022,0.0825187862083356,0.06870977620412319
342,54,30199.0,0.05602968463332085,0.10905184127493982,9068.0,0.02943162951666752,0.024429128580833275,847.0,0.00374488600000003,0.0018506463000000169,0.0892062001499884,0.1353316161557731
343,55,15119.0,0.030258506725005758,0.05524341022482911,11358.0,0.02882865852500225,0.024572284416668196,1195.0,0.007541137524999939,0.0051012872,0.06662830277500795,0.0849169818414973
344,56,7738.0,0.01647213029166747,0.014639099118184189,11183.0,0.029852081916667026,0.02085439633083032,4432.0,0.02021517900833333,0.017065444533333942,0.06653939121666781,0.05255893998234845
345,57,22009.0,0.07371840005835419,0.08430236139147929,7120.0,0.019212742916667046,0.019338070749999867,5289.0,0.014878740616666702,0.01340288148333437,0.10780988359168793,0.11704331362481352
346,58,16428.0,0.052051674308336224,0.058144847418173384,10443.0,0.0164671865166679,0.02986449074749848,3145.0,0.0091757030916666,0.006928587099999849,0.07769456391667072,0.09493792526567171
347,59,6899.0,0.011244578083333602,0.01191982663484984,11529.0,0.022769815941667566,0.035457949916667085,1083.0,0.004469713750000042,0.0010759269000000103,0.03848410777500121,0.048453703451516936
348,60,18697.0,0.049735425058339625,0.04815921401878407,17024.0,0.038071130750005365,0.021302081747497908,671.0,0.0027293109749999987,0.0012129232666666645,0.09053586678334498,0.07067421903294864
349,61,7795.0,0.013877641308333827,0.01343506676941717,16065.0,0.03767915100001344,0.019595978833334558,640.0,0.002862227916666662,0.0015927233833333335,0.05441902022501394,0.03462376898608506
350,62,11821.0,0.03912947240000257,0.02674629758855184,14846.0,0.036987137100000886,0.024259255997497193,761.0,0.0034521591416666777,0.0015068562749999967,0.07956876864167015,0.052512409861049034
351,63,12483.0,0.02525369485000334,0.028814915894875715,8001.0,0.03014130252500047,0.014356582333333055,1226.0,0.005557299999999994,0.006424794099999977,0.06095229737500381,0.049596292328208745
352,64,10221.0,0.025784535741668387,0.01999445095227674,7435.0,0.015461082083332774,0.010126554414166421,2280.0,0.010571852991666594,0.014201953816666188,0.05181747081666776,0.04432295918310935
353,65,7782.0,0.016230402366667354,0.00986559944411581,4001.0,0.010860963166666692,0.006822367000000168,696.0,0.002616658816666666,0.000993612716666667,0.029708024350000712,0.017681579160782643
354,66,21281.0,0.07389161217501909,0.07132915620507627,8099.0,0.03468202218333487,0.010775161247500012,1109.0,0.004458159891666704,0.0021995997000000046,0.11303179425002065,0.08430391715257629
355,67,18760.0,0.07611569838335645,0.08527031869445523,6364.0,0.024395753274997788,0.008465677750000154,708.0,0.003328630925000018,0.0025581989166666816,0.10384008258335427,0.09629419536112205
356,68,14365.0,0.04873411503333555,0.046958629914797434,4018.0,0.00998661933333391,0.005826465664166783,557.0,0.002476587366666661,0.0022217734166666663,0.06119732173333612,0.055006868995630884
357,69,6838.0,0.011355465100000425,0.010075398131308004,8908.0,0.027047756333332274,0.009171436833333437,738.0,0.0036664732000000083,0.00202523323333335,0.042069694633332703,0.02127206819797479
358,70,10842.0,0.0626828165250041,0.02940659129936821,3721.0,0.013896455683333017,0.007462282497500124,2172.0,0.005296610500000022,0.0025267862833333807,0.08187588270833714,0.03939566008020171
359,71,6452.0,0.012863136599999983,0.012174551244274712,3934.0,0.01620254107499992,0.007200525666666695,725.0,0.0034226095833333374,0.0014007504499999968,0.03248828725833324,0.020775827360941405
360,72,16462.0,0.035607607008332785,0.030914399688713373,4675.0,0.01604043594999905,0.009424276914166457,1763.0,0.014533590116666628,0.004958251133333274,0.06618163307499847,0.045296927736213105
361,73,17830.0,0.024308367541664846,0.021713651379762902,2697.0,0.007635830666666734,0.006063056499999964,1005.0,0.0018575827499999742,0.0015371838000000123,0.03380178095833155,0.02931389167976288
362,74,30936.0,0.10031279087500389,0.07943774491337244,38409.0,0.08827286929167155,0.11755428341418671,850.0,0.0033832836916666857,0.001241564866666668,0.19196894385834212,0.19823359319422582
363,75,23964.0,0.079941862816666,0.05460728022731294,39097.0,0.15323452283328354,0.28124590450004344,598.0,0.002582039808333327,0.0015893942666666697,0.23575842545828285,0.3374425789940231
364,76,20352.0,0.08295583829169856,0.06915558172714255,26540.0,0.07214519675000244,0.11042139408086467,1410.0,0.00667219343333334,0.008218862733333335,0.16177322847503434,0.18779583854134052
365,77,7832.0,0.015260493541667312,0.015300380412016468,31200.0,0.07480502599999796,0.08268578416667698,657.0,0.0024662616666666633,0.001715687783333336,0.09253178120833193,0.09970185236202679
366,78,7647.0,0.013942180466667913,0.01951911659519212,10416.0,0.025656533266667444,0.025497212414163823,978.0,0.004680032008333373,0.0024595951333333532,0.04427874574166873,0.04747592414268929
367,79,8825.0,0.019064821866667872,0.018192623565717908,20030.0,0.04302878544167085,0.06631898816667589,875.0,0.00416326317500002,0.002904769283333341,0.06625687048333874,0.08741638101572713
368,80,9552.0,0.021012368058333467,0.018452305168026074,24826.0,0.0535865161666655,0.057950567997502804,472.0,0.0021395233416666645,0.0014314353000000008,0.07673840756666564,0.07783430846552888
369,81,15263.0,0.032921955758331595,0.037624696541456774,22915.0,0.07654681808333527,0.05871710941666879,789.0,0.003331224875000008,0.001764952216666665,0.11279999871666688,0.09810675817479222
370,82,13939.0,0.04307391250833724,0.039332347123558965,20906.0,0.09512374904167042,0.06592563383084443,1217.0,0.005807412258333358,0.0027872255500000012,0.14400507380834104,0.1080452065044034
371,83,10478.0,0.02096055613333408,0.02416983130537627,20035.0,0.0707217209666707,0.05163826466667464,608.0,0.002420856066666656,0.00158774785,0.09410313316667143,0.0773958438220509
372,84,14044.0,0.02700143259166899,0.03224130773779095,24466.0,0.0632596119500028,0.041059839080821156,1692.0,0.00592256658333333,0.0032625248999999653,0.09618361112500512,0.07656367171861207
373,85,17924.0,0.02569351754165981,0.037923466601504516,18074.0,0.04306893325000591,0.026205492250000816,2632.0,0.009498542916666698,0.00773900541666675,0.07826099370833242,0.07186796426817209
374,86,25872.0,0.03881873930833595,0.05275164630766586,5707.0,0.033710088016666875,0.013842857997499973,893.0,0.0028379893416666693,0.0015445389166666716,0.0753668166666695,0.06813904322183251
375,87,11439.0,0.027964159133337857,0.017939399697976307,8137.0,0.012909085191667205,0.01832379325000025,1307.0,0.003617249666666712,0.0012648350166666645,0.04449049399167177,0.03752802796464322
376,88,19516.0,0.03566515070000998,0.03780419286464526,7936.0,0.020491871749999245,0.013523022747499494,1360.0,0.004510314700000087,0.0018181021500000335,0.06066733715000931,0.05314531776214479
377,89,12288.0,0.0185812546166666,0.020906268928686526,29137.0,0.022359422166667035,0.019114378833323186,1244.0,0.0030304204749999953,0.001369802566666661,0.04397109725833364,0.04139045032867637
378,90,7934.0,0.013316285283333904,0.01191887371340803,16419.0,0.025714713099999315,0.035543288747491054,1007.0,0.00255594783333332,0.0013516947666666673,0.041586946216666545,0.04881385722756575
379,91,9207.0,0.01860496545833231,0.013891701586808568,42128.0,0.03124118227501795,0.054682404166676864,950.0,0.0040857196666666575,0.002744898050000022,0.05393186740001692,0.07131900380348545
380,92,22199.0,0.03625580834166642,0.04290513616340452,32697.0,0.04180251591666755,0.023968913914159715,607.0,0.001970162674999994,0.0010468082833333344,0.08002848693333396,0.06792085836089758
381,93,11269.0,0.02067065744166682,0.017374469432858683,21039.0,0.04680614941668065,0.034891872166665144,1382.0,0.006491219533333334,0.00818048271666669,0.07396802639168079,0.060446824316190514
382,94,13082.0,0.03344839485833495,0.027919924453635333,46360.0,0.10752488884988837,0.06893859124752735,811.0,0.0026621347499999836,0.0014096926333333256,0.1436354184582233,0.09826820833449601
383,95,10602.0,0.02111407901666791,0.016905662035609476,22296.0,0.048395792274999884,0.05300775724999611,1473.0,0.007171370366666672,0.008280626200000066,0.07668124165833447,0.07819404548560566
